Model,RMSE,Cost
FOM,0.0,0.019595623016357422
ROM,0.011214357519120309,0.05247616767883301
