model,mu,RMSE,time,time_saved
FOM,0.1,0.0,0.018659591674804688,0.0
ROM,0.1,0.0712590680822924,0.04945087432861328,-0.030791282653808594
ROM_2,0.4,0.012774138021985544,0.049009084701538086,-0.03100752830505371
ROM_3,1.8,0.02384847360955602,0.038950443267822266,-0.024750709533691406
ROM_4,2.0,0.025889059602279215,0.038033246994018555,-0.02410578727722168
