model,mu,RMSE,time,time_saved
FOM,0.1,0.0,0.01758575439453125,0.0
ROM,0.1,0.02428366872061967,0.04727816581726074,-0.029692411422729492
ROM_2,0.4,0.024988342037726315,0.050406694412231445,-0.02930307388305664
ROM_3,1.8,0.025795479971575067,0.04947924613952637,-0.03206157684326172
ROM_4,2.0,0.02592667003342825,0.04286909103393555,-0.02767014503479004
