model,mu,RMSE,time,time_saved
FOM,0.1,0.0,0.020439863204956055,0.0
ROM,0.1,0.0712590680822924,0.052498817443847656,-0.0320589542388916
ROM_2,0.4,0.012774138021985544,0.04750847816467285,-0.02986311912536621
ROM_3,1.8,0.02384847360955602,0.038751840591430664,-0.02507495880126953
ROM_4,2.0,0.025889059602279215,0.039031028747558594,-0.025283336639404297
