model,n_dim,RMSE
FOM,128,0.0
ROM,4,0.025926409500702435
ROM_2,5,0.01259212876810368
ROM_3,6,0.007930665310534431
ROM_4,7,0.006146460419745317
