model,n_dim,RMSE
FOM,128,0.0
ROM,4,0.025928141428607124
ROM_2,5,0.012593990318041358
ROM_3,6,0.00793240571044366
ROM_4,7,0.006147831992624301
