model,n_dim,RMSE,time
FOM,128,0.0,0.01727771759033203
ROM,4,0.025926893267330525,0.047057151794433594
ROM_2,5,0.00913832622133819,0.04381394386291504
ROM_3,6,0.003261159628526432,0.03895258903503418
ROM_4,7,0.0012385864619405007,0.04065299034118652
