model,mu,RMSE,time,time_saved
FOM,0.1,0.0,0.016988515853881836,0.0
ROM,0.1,0.0712590680822924,0.046793222427368164,-0.029804706573486328
ROM_2,0.4,0.012774138021985544,0.04485321044921875,-0.02899336814880371
ROM_3,1.8,0.02384847360955602,0.038501739501953125,-0.024757862091064453
ROM_4,2.0,0.025889059602279215,0.04236888885498047,-0.02704596519470215
